{"cameraMode":{"drawMode":0,"name":"Shaded","section":"Shading Mode"},"sceneLighting":false,"audioPlay":false,"sceneViewState":{"m_AlwaysRefresh":false,"showFog":true,"showSkybox":true,"showFlares":true,"showImageEffects":true,"showParticleSystems":true,"showVisualEffectGraphs":true,"m_FxEnabled":false},"in2DMode":false,"pivot":{"x":0.07094599306583405,"y":-0.16068319976329804,"z":0.38634049892425539},"rotation":{"x":0.7952959537506104,"y":0.16948825120925904,"z":-0.5218920111656189,"w":0.25801700353622439},"size":0.8690367341041565,"orthographic":true}